{
  "name": "server_monev_diknas",
  "version": "1.0.0",
  "description": "",
  "main": "index.js",
  "scripts": {
    "start": "node index.js",
    "dev": "nodemon index.js"
  },
  "author": "kiken_s_batara",
  "license": "ISC",
  "dependencies": {
    "bcryptjs": "^2.4.3",
    "cors": "^2.8.5",
    "dotenv": "^6.2.0",
    "express": "^4.16.4",
    "joi": "^14.3.1",
    "jsonwebtoken": "^8.4.0",
    "monk": "^6.0.6",
    "socket.io": "^2.2.0",
    "uniqid": "^5.0.3",
    "volleyball": "^1.5.1"
  }
}
